,Method,Cluster_num,Modularity
0,EgoNetSplitter,19,0.6890974025501913
1,DANMF,20,0.310712599373714
2,NNSED,20,0.18181132707498582
3,MNMF,20,0.6450163371634245
4,BigClam,2,0.0022591374855744023
5,SymmNMF,20,0.395449694653205
6,GEMSEC,20,0.34452514300300896
7,EdMot,19,0.2290231596679946
8,SCD,5899,0.014845561399860074
9,LabelPropagation,1,8.881784197001252e-16
10,Louvain,19,0.2290231596679946
